<?xml version="1.0" encoding="UTF-8"?>
<project-private xmlns="http://www.netbeans.org/ns/project-private/1">
    <editor-bookmarks xmlns="http://www.netbeans.org/ns/editor-bookmarks/2" lastBookmarkId="0"/>
    <open-files xmlns="http://www.netbeans.org/ns/projectui-open-files/2">
        <group>
            <file>file:/E:/Java/Lab15/Task3/src/com/oop/lab/inheritence/CommissionEmployee.java</file>
            <file>file:/E:/Java/Lab15/Task3/src/com/oop/lab/inheritence/BasePlusCommission.java</file>
            <file>file:/E:/Java/Lab15/Task3/src/com/oop/lab/inheritence/Test.java</file>
        </group>
    </open-files>
</project-private>
