<?xml version="1.0" encoding="UTF-8"?>
<project-private xmlns="http://www.netbeans.org/ns/project-private/1">
    <editor-bookmarks xmlns="http://www.netbeans.org/ns/editor-bookmarks/2" lastBookmarkId="0"/>
    <open-files xmlns="http://www.netbeans.org/ns/projectui-open-files/2">
        <group>
            <file>file:/E:/Java/LabAssignment2/src/com/cui/oop/interfaces/Issuable.java</file>
            <file>file:/E:/Java/LabAssignment2/src/com/cui/oop/interfaces/Autobiography.java</file>
            <file>file:/E:/Java/LabAssignment2/src/com/cui/oop/interfaces/Authors.java</file>
            <file>file:/E:/Java/LabAssignment2/src/com/cui/oop/interfaces/Borrower.java</file>
            <file>file:/E:/Java/LabAssignment2/src/com/cui/oop/interfaces/Book.java</file>
            <file>file:/E:/Java/LabAssignment2/src/com/cui/oop/interfaces/TestSessional.java</file>
        </group>
    </open-files>
</project-private>
