<?xml version="1.0" encoding="UTF-8"?>
<project-private xmlns="http://www.netbeans.org/ns/project-private/1">
    <editor-bookmarks xmlns="http://www.netbeans.org/ns/editor-bookmarks/2" lastBookmarkId="0"/>
    <open-files xmlns="http://www.netbeans.org/ns/projectui-open-files/2">
        <group>
            <file>file:/E:/Java/Lab19/Task5/src/com/technocrats/ceo/InMemoryUserService.java</file>
            <file>file:/E:/Java/Lab19/Task5/src/com/technocrats/ceo/UserAccountIsBlockedException.java</file>
            <file>file:/E:/Java/Lab19/Task5/src/com/technocrats/ceo/User.java</file>
            <file>file:/E:/Java/Lab19/Task5/src/com/technocrats/ceo/UserTest.java</file>
        </group>
    </open-files>
</project-private>
