<?xml version="1.0" encoding="UTF-8"?>
<project-private xmlns="http://www.netbeans.org/ns/project-private/1">
    <editor-bookmarks xmlns="http://www.netbeans.org/ns/editor-bookmarks/2" lastBookmarkId="0"/>
    <open-files xmlns="http://www.netbeans.org/ns/projectui-open-files/2">
        <group>
            <file>file:/E:/Lab15/Lab15/src/com/oop/lab/inheritance/task2/Circle.java</file>
            <file>file:/E:/Lab15/Lab15/src/com/oop/lab/inheritance/task2/Cylinder.java</file>
            <file>file:/E:/Lab15/Lab15/src/com/oop/lab/inheritance/task2/Main.java</file>
        </group>
    </open-files>
</project-private>
