<?xml version="1.0" encoding="UTF-8"?>
<project-private xmlns="http://www.netbeans.org/ns/project-private/1">
    <editor-bookmarks xmlns="http://www.netbeans.org/ns/editor-bookmarks/2" lastBookmarkId="0"/>
    <open-files xmlns="http://www.netbeans.org/ns/projectui-open-files/2">
        <group>
            <file>file:/E:/Documents/Semester%202/Java%20OOP/Project/TechnoSpace/src/com/scms/employees/Executive.java</file>
            <file>file:/E:/Documents/Semester%202/Java%20OOP/Project/TechnoSpace/src/com/scms/employees/Employee.java</file>
            <file>file:/E:/Documents/Semester%202/Java%20OOP/Project/TechnoSpace/src/com/scms/finances/NotEnoughFundsException.java</file>
            <file>file:/E:/Documents/Semester%202/Java%20OOP/Project/TechnoSpace/src/com/scms/rocket/Rocket.java</file>
            <file>file:/E:/Documents/Semester%202/Java%20OOP/Project/TechnoSpace/src/com/scms/main/Main.java</file>
            <file>file:/E:/Documents/Semester%202/Java%20OOP/Project/TechnoSpace/src/com/scms/employees/Engineer.java</file>
            <file>file:/E:/Documents/Semester%202/Java%20OOP/Project/TechnoSpace/src/com/scms/finances/Finance.java</file>
            <file>file:/E:/Documents/Semester%202/Java%20OOP/Project/TechnoSpace/src/com/scms/employees/Doctor.java</file>
            <file>file:/E:/Documents/Semester%202/Java%20OOP/Project/TechnoSpace/src/com/scms/employees/Cook.java</file>
            <file>file:/E:/Documents/Semester%202/Java%20OOP/Project/TechnoSpace/src/com/scms/employees/Astronaut.java</file>
        </group>
    </open-files>
</project-private>
